team_id,id,name,jersey_number,age,height,weight,shot,position
25,5149153,Leo Carlsson,91,19,"6' 3""",194 lbs,--,C
25,5474,Sam Carrick,39,32,"6' 0""",200 lbs,R,C
25,4378685,Bo Groulx,24,23,"6' 2""",198 lbs,L,C
25,5074,Adam Henrique,14,33,"6' 0""",195 lbs,L,C
25,4352775,Isac Lundestrom,21,24,"6' 0""",193 lbs,L,C
25,4874718,Mason McTavish,23,21,"6' 0""",213 lbs,L,C
25,2562636,Ryan Strome,16,31,"6' 1""",191 lbs,R,C
25,4565230,Trevor Zegras,11,22,"6' 0""",185 lbs,L,C
25,5080145,Cutter Gauthier,N/A,20,"6' 2""",200 lbs,L,LW
25,3067822,Ross Johnston,44,29,"6' 5""",234 lbs,L,LW
25,4024980,Max Jones,49,25,"6' 3""",216 lbs,L,LW
25,4968,Alex Killorn,17,34,"6' 1""",194 lbs,L,LW
25,3067868,Brock McGinn,26,30,"6' 0""",187 lbs,L,LW
25,4565278,Brett Leason,20,24,"6' 5""",218 lbs,R,RW
25,2590549,Jakob Silfverberg,33,33,"6' 1""",207 lbs,R,RW
25,3942905,Troy Terry,19,26,"6' 0""",185 lbs,R,RW
25,3527554,Frank Vatrano,77,29,"5' 11""",197 lbs,L,RW
25,5495,Cam Fowler,4,32,"6' 2""",215 lbs,L,D
25,5502,Radko Gudas,7,33,"6' 0""",208 lbs,R,D
25,3042013,Robert Hagg,18,28,"6' 2""",210 lbs,L,D
25,4565262,Jackson LaCombe,60,23,"6' 2""",205 lbs,--,D
25,4233874,Gustav Lindstrom,28,25,"6' 2""",186 lbs,R,D
25,5080220,Tristan Luneau,67,20,"6' 1""",195 lbs,R,D
25,4342107,Ilya Lyubushkin,46,29,"6' 2""",201 lbs,R,D
25,5080154,Pavel Mintyukov,34,20,"6' 1""",195 lbs,L,D
25,4233619,Urho Vaakanainen,5,25,"6' 2""",200 lbs,L,D
25,4588165,Lukas Dostal,1,23,"6' 2""",188 lbs,L,G
25,2590824,John Gibson,36,30,"6' 2""",210 lbs,L,G
24,5828,Nick Bjugstad,17,31,"6' 6""",209 lbs,R,C
24,3024784,Travis Boyd,72,30,"6' 0""",190 lbs,R,C
24,5080143,Logan Cooley,92,19,"5' 10""",174 lbs,L,C
24,4352699,Barrett Hayton,29,23,"6' 1""",207 lbs,L,C
24,3069394,Alexander Kerfoot,15,29,"5' 11""",186 lbs,L,C
24,4392070,Justin Kirkland,25,27,"6' 3""",183 lbs,L,C
24,4755695,Jack McBain,22,24,"6' 3""",201 lbs,L,C
24,3150468,Liam O'Brien,38,29,"6' 1""",213 lbs,L,C
24,4392768,Adam Ruzicka,63,24,"6' 4""",215 lbs,L,C
24,3114770,Nick Schmaltz,8,27,"6' 0""",181 lbs,R,C
24,4031645,Michael Carcone,53,27,"5' 9""",170 lbs,L,LW
24,3899951,Lawson Crouse,67,26,"6' 4""",215 lbs,L,LW
24,4915347,Milos Kelemen,21,24,"6' 2""",212 lbs,L,LW
24,4587580,Matias Maccelli,63,23,"5' 11""",176 lbs,L,LW
24,2593315,Jason Zucker,16,32,"5' 11""",192 lbs,L,LW
24,4874723,Dylan Guenther,11,20,"6' 2""",175 lbs,--,RW
24,4024857,Clayton Keller,9,25,"5' 10""",178 lbs,L,RW
24,3042228,Josh Brown,3,30,"6' 5""",220 lbs,R,D
24,3904172,Travis Dermott,33,27,"6' 0""",202 lbs,L,D
24,2970689,Matt Dumba,24,29,"6' 0""",181 lbs,R,D
24,4378683,Sean Durzi,50,25,"6' 0""",195 lbs,R,D
24,4331604,Michael Kesselring,5,24,"6' 4""",190 lbs,--,D
24,5146597,Patrik Koch,64,27,"6' 1""",185 lbs,L,D
24,4565274,Vladislav Kolyachonok,52,22,"6' 1""",189 lbs,L,D
24,4874929,J.J. Moser,90,24,"6' 1""",173 lbs,L,D
24,4565232,Victor Soderstrom,77,22,"6' 0""",183 lbs,R,D
24,3096102,Troy Stecher,51,29,"5' 10""",184 lbs,R,D
24,4233611,Juuso Valimaki,4,25,"6' 2""",205 lbs,L,D
24,4063522,Connor Ingram,39,26,"6' 2""",196 lbs,L,G
24,3942065,Karel Vejmelka,70,27,"6' 4""",224 lbs,L,G
1,4233872,Jesper Boqvist,70,25,"6' 1""",184 lbs,L,C
1,2556063,Patrick Brown,38,31,"6' 1""",218 lbs,R,C
1,2555315,Charlie Coyle,13,31,"6' 3""",218 lbs,R,C
1,4024997,Trent Frederic,11,25,"6' 3""",220 lbs,L,C
1,4268466,Morgan Geekie,39,25,"6' 3""",202 lbs,R,C
1,4391789,Jakub Lauko,94,23,"6' 1""",193 lbs,L,C
1,5103687,Georgii Merkulov,42,23,"5' 11""",179 lbs,--,C
1,5080221,Matthew Poitras,51,19,"5' 11""",180 lbs,R,C
1,4392520,Oskar Steen,62,25,"5' 10""",196 lbs,R,C
1,3899949,Pavel Zacha,18,26,"6' 4""",207 lbs,L,C
1,3900240,Jake DeBrusk,74,27,"6' 1""",198 lbs,L,LW
1,3151741,Danton Heinen,43,28,"6' 2""",195 lbs,L,LW
1,3780,Milan Lucic,17,35,"6' 3""",236 lbs,L,LW
1,3852,Brad Marchand,63,35,"5' 9""",176 lbs,L,LW
1,3822,James van Riemsdyk,21,34,"6' 3""",208 lbs,L,LW
1,3114778,David Pastrnak,88,27,"6' 0""",196 lbs,L,RW
1,3904175,Brandon Carlo,25,27,"6' 5""",217 lbs,R,D
1,5829,Derek Forbort,28,31,"6' 4""",216 lbs,L,D
1,3069448,Matt Grzelcyk,48,30,"5' 10""",180 lbs,L,D
1,2968818,Hampus Lindholm,27,30,"6' 4""",224 lbs,L,D
1,3988803,Charlie McAvoy,73,26,"6' 1""",209 lbs,R,D
1,4319916,Ian Mitchell,14,25,"5' 11""",193 lbs,R,D
1,5008,Kevin Shattenkirk,12,35,"6' 0""",203 lbs,R,D
1,3942638,Parker Wotherspoon,29,26,"6' 1""",195 lbs,L,D
1,4996097,Brandon Bussi,70,25,"6' 5""",220 lbs,--,G
1,4712036,Jeremy Swayman,1,25,"6' 3""",195 lbs,L,G
1,3069285,Linus Ullmark,35,30,"6' 4""",213 lbs,L,G
2,4565228,Dylan Cozens,24,22,"6' 3""",195 lbs,R,C
2,4565238,Peyton Krebs,19,23,"6' 0""",187 lbs,L,C
2,4233575,Casey Mittelstadt,37,25,"6' 1""",195 lbs,L,C
2,5149186,Zach Benson,9,18,"5' 10""",170 lbs,L,LW
2,2968829,Zemgus Girgensons,28,30,"6' 2""",200 lbs,L,LW
2,3900260,Jordan Greenway,12,26,"6' 6""",231 lbs,L,LW
2,4712024,Brett Murray,81,25,"6' 5""",228 lbs,--,LW
2,3151096,Victor Olofsson,71,28,"5' 11""",181 lbs,L,LW
2,4319879,Eric Robinson,50,28,"6' 2""",211 lbs,L,LW
2,5540,Jeff Skinner,53,31,"5' 11""",200 lbs,L,LW
2,3859,Kyle Okposo,21,35,"6' 0""",216 lbs,R,RW
2,4697438,JJ Peterka,77,22,"6' 0""",189 lbs,L,RW
2,4697389,Jack Quinn,22,22,"6' 1""",185 lbs,R,RW
2,4024988,Tage Thompson,72,26,"6' 6""",220 lbs,R,RW
2,3114766,Alex Tuch,89,27,"6' 4""",215 lbs,R,RW
2,4197014,Jacob Bryson,78,26,"5' 9""",174 lbs,L,D
2,4063267,Kale Clague,38,25,"6' 0""",190 lbs,L,D
2,3042191,Connor Clifton,75,28,"5' 11""",192 lbs,R,D
2,4294163,Rasmus Dahlin,26,23,"6' 3""",204 lbs,L,D
2,3649,Erik Johnson,6,35,"6' 4""",225 lbs,R,D
2,4565252,Ryan Johnson,33,22,"6' 1""",195 lbs,L,D
2,4233705,Henri Jokiharju,10,24,"6' 0""",200 lbs,R,D
2,4781556,Owen Power,25,21,"6' 6""",221 lbs,L,D
2,4378656,Mattias Samuelsson,23,23,"6' 4""",224 lbs,L,D
2,3042057,Eric Comrie,31,28,"6' 1""",190 lbs,L,G
2,4319911,Devin Cooley,62,26,"6' 5""",192 lbs,L,G
2,4233889,Ukko-Pekka Luukkonen,1,24,"6' 5""",217 lbs,L,G
3,3797,Mikael Backlund,11,34,"6' 0""",206 lbs,L,C
3,2563026,Blake Coleman,20,32,"5' 11""",199 lbs,L,C
3,4063268,Dillon Dube,29,25,"5' 11""",185 lbs,L,C
3,2562606,Jonathan Huberdeau,10,30,"6' 1""",200 lbs,L,C
3,5349,Nazem Kadri,91,33,"6' 0""",185 lbs,L,C
3,3900247,Oliver Kylington,58,26,"6' 0""",183 lbs,L,C
3,4565247,Jakob Pelletier,22,22,"5' 9""",170 lbs,L,C
3,4392883,Martin Pospisil,76,24,"6' 2""",173 lbs,L,C
3,3096235,Kevin Rooney,21,30,"6' 2""",190 lbs,L,C
3,4587843,Yegor Sharangovich,17,25,"6' 2""",196 lbs,L,C
3,4697407,Connor Zary,47,22,"6' 0""",178 lbs,L,C
3,3648015,A.J. Greer,18,27,"6' 3""",209 lbs,L,LW
3,5077308,Andrei Kuzmenko,N/A,28,"5' 11""",194 lbs,R,LW
3,3149619,Andrew Mangiapane,88,27,"5' 10""",184 lbs,L,LW
3,4874730,Matt Coronato,27,21,"5' 10""",183 lbs,--,RW
3,4319940,Walker Duehr,71,26,"6' 2""",210 lbs,--,RW
3,5073306,Adam Klapka,43,23,"6' 7""",245 lbs,R,RW
3,4845286,Cole Schwindt,79,22,"6' 2""",183 lbs,R,RW
3,3904186,Rasmus Andersson,4,27,"6' 1""",202 lbs,R,D
3,3942030,Dennis Gilbert,48,27,"6' 2""",216 lbs,L,D
3,3652964,Noah Hanifin,55,27,"6' 3""",207 lbs,L,D
3,3097115,Jordan Oesterle,82,31,"6' 0""",187 lbs,L,D
3,4392769,Brayden Pachal,N/A,24,"6' 2""",203 lbs,R,D
3,4894250,Ilya Solovyov,98,23,"6' 3""",208 lbs,--,D
3,5592,Chris Tanev,8,34,"6' 2""",193 lbs,R,D
3,3042269,MacKenzie Weegar,52,30,"6' 0""",206 lbs,R,D
3,5452,Jacob Markstrom,25,34,"6' 6""",206 lbs,L,G
3,3942459,Dan Vladar,80,26,"6' 5""",209 lbs,L,G
7,3904173,Sebastian Aho,20,26,"6' 0""",176 lbs,L,C
7,4197114,Callahan Burke,68,26,"5' 10""",185 lbs,R,C
7,4378671,Jack Drury,18,24,"5' 11""",174 lbs,R,C
7,4697396,Seth Jarvis,24,22,"5' 10""",175 lbs,R,C
7,4352692,Jesperi Kotkaniemi,82,23,"6' 2""",201 lbs,L,C
7,4233586,Martin Necas,88,25,"6' 2""",189 lbs,R,C
7,3541,Jordan Staal,11,35,"6' 4""",220 lbs,L,C
7,3149603,Michael Bunting,58,28,"6' 0""",192 lbs,L,LW
7,3114983,Brendan Lemieux,28,27,"6' 1""",215 lbs,L,LW
7,2989376,Jordan Martinook,48,31,"6' 0""",196 lbs,L,LW
7,2592095,Teuvo Teravainen,86,29,"5' 11""",191 lbs,L,LW
7,2590847,Jesper Fast,71,32,"6' 1""",191 lbs,R,RW
7,2562623,Stefan Noesen,23,30,"6' 1""",205 lbs,R,RW
7,4352683,Andrei Svechnikov,37,23,"6' 2""",195 lbs,L,RW
7,2300,Brent Burns,8,38,"6' 5""",230 lbs,R,D
7,4063449,Jalen Chatfield,5,27,"6' 1""",188 lbs,R,D
7,3114769,Tony DeAngelo,77,28,"5' 11""",180 lbs,R,D
7,5646,Dmitry Orlov,7,32,"5' 11""",214 lbs,L,D
7,3025535,Brett Pesce,22,29,"6' 3""",206 lbs,R,D
7,2976856,Brady Skjei,76,29,"6' 3""",210 lbs,L,D
7,3069836,Jaccob Slavin,74,29,"6' 3""",207 lbs,L,D
7,2517899,Frederik Andersen,31,34,"6' 4""",238 lbs,L,G
7,4565259,Pyotr Kochetkov,52,24,"6' 3""",205 lbs,L,G
7,3042069,Spencer Martin,41,28,"6' 3""",191 lbs,L,G
7,3037703,Antti Raanta,32,34,"6' 0""",195 lbs,L,G
4,3068035,Andreas Athanasiou,89,29,"6' 2""",188 lbs,L,C
4,2590857,Colin Blackwell,43,30,"5' 9""",190 lbs,R,C
4,4874940,Colton Dach,28,21,"6' 4""",196 lbs,--,C
4,3042062,Jason Dickinson,16,28,"6' 2""",200 lbs,L,C
4,3115033,Ryan Donato,8,27,"6' 0""",192 lbs,L,C
4,4586824,Reese Johnson,52,25,"6' 1""",192 lbs,R,C
4,5706,Tyler Johnson,90,33,"5' 8""",182 lbs,R,C
4,4392541,Philipp Kurashev,23,24,"6' 0""",190 lbs,L,C
4,4064872,Luke Philp,39,28,"5' 10""",181 lbs,R,C
4,4197199,Rem Pitlick,20,26,"5' 11""",196 lbs,L,C
4,3904107,Anthony Beauvillier,91,26,"5' 11""",180 lbs,L,LW
4,3535,Nick Foligno,17,36,"6' 0""",208 lbs,L,LW
4,5428,Taylor Hall,71,32,"6' 1""",205 lbs,L,LW
4,4063495,Boris Katchouk,14,25,"6' 2""",204 lbs,L,LW
4,4697400,Lukas Reichel,27,21,"6' 0""",170 lbs,L,LW
4,3042061,Zach Sanford,13,29,"6' 4""",207 lbs,L,LW
4,5103701,Samuel Savoie,67,19,"5' 10""",189 lbs,--,LW
4,3942746,Brett Seney,62,27,"5' 9""",156 lbs,L,LW
4,4197161,Joey Anderson,15,25,"6' 0""",207 lbs,R,RW
4,4393072,MacKenzie Entwistle,58,24,"6' 3""",184 lbs,R,RW
4,4063502,Taylor Raddysh,11,25,"6' 3""",198 lbs,R,RW
4,3041992,Seth Jones,4,29,"6' 4""",209 lbs,R,D
4,5080148,Kevin Korchinski,55,19,"6' 2""",185 lbs,L,D
4,3020228,Jaycob Megna,24,31,"6' 6""",220 lbs,L,D
4,2562618,Connor Murphy,5,30,"6' 4""",212 lbs,R,D
4,4697831,Isaak Phillips,41,22,"6' 3""",205 lbs,L,D
4,5549,Jarred Tinordi,25,31,"6' 6""",230 lbs,L,D
4,4565266,Alex Vlasic,72,22,"6' 6""",199 lbs,L,D
4,4010739,Nikita Zaitsev,22,32,"6' 2""",188 lbs,R,D
4,5619,Petr Mrazek,34,31,"6' 2""",188 lbs,L,G
4,4894729,Arvid Soderblom,40,24,"6' 3""",180 lbs,L,G
17,3655,Andrew Cogliano,11,36,"5' 10""",179 lbs,L,C
17,4392471,Ross Colton,20,27,"6' 0""",194 lbs,L,C
17,5434,Ryan Johansen,12,31,"6' 3""",218 lbs,R,C
17,3041969,Nathan MacKinnon,29,28,"6' 0""",200 lbs,R,C
17,4755729,Ben Meyers,59,25,"5' 11""",194 lbs,R,C
17,3041971,Jonathan Drouin,27,28,"5' 11""",198 lbs,L,LW
17,4587910,Joel Kiviranta,94,27,"5' 11""",185 lbs,L,LW
17,2562609,Gabriel Landeskog,92,31,"6' 1""",215 lbs,L,LW
17,3042050,Artturi Lehkonen,62,28,"5' 11""",179 lbs,L,LW
17,3151772,Fredrik Olofsson,22,27,"6' 2""",190 lbs,L,LW
17,2975,Zach Parise,N/A,39,"5' 11""",195 lbs,L,LW
17,3042110,Miles Wood,28,28,"6' 2""",195 lbs,L,LW
17,3042003,Valeri Nichushkin,13,28,"6' 4""",210 lbs,L,RW
17,3988782,Logan O'Connor,25,27,"6' 0""",175 lbs,R,RW
17,3899938,Mikko Rantanen,96,27,"6' 4""",215 lbs,L,RW
17,2590833,Chris Wagner,14,32,"6' 0""",198 lbs,R,RW
17,4565225,Bowen Byram,4,22,"6' 1""",190 lbs,L,D
17,4063401,Samuel Girard,49,25,"5' 10""",170 lbs,L,D
17,3583,Jack Johnson,3,37,"6' 1""",227 lbs,L,D
17,3941970,Caleb Jones,82,26,"6' 1""",194 lbs,L,D
17,2992930,Kurtis MacDermid,56,29,"6' 5""",233 lbs,L,D
17,4233563,Cale Makar,8,25,"6' 0""",187 lbs,R,D
17,2590829,Josh Manson,42,32,"6' 3""",218 lbs,R,D
17,4196930,Corey Schueneman,44,28,"6' 0""",196 lbs,L,D
17,3096249,Devon Toews,7,29,"6' 1""",191 lbs,L,D
17,4294197,Pavel Francouz,39,33,"6' 0""",179 lbs,R,G
17,4239677,Alexandar Georgiev,40,27,"6' 1""",178 lbs,L,G
29,5136617,Adam Fantilli,11,19,"6' 2""",195 lbs,L,C
29,2563054,Boone Jenner,38,30,"6' 2""",208 lbs,L,C
29,4781553,Kent Johnson,91,21,"6' 0""",175 lbs,L,C
29,2564154,Sean Kuraly,7,31,"6' 2""",215 lbs,L,C
29,3904098,Jack Roslovic,96,27,"6' 1""",198 lbs,R,C
29,4874725,Cole Sillinger,4,20,"6' 1""",199 lbs,L,C
29,4233880,Alexandre Texier,42,24,"6' 1""",201 lbs,L,C
29,2563039,Johnny Gaudreau,13,30,"5' 9""",163 lbs,L,LW
29,4915856,Dmitri Voronkov,10,23,"6' 5""",240 lbs,--,LW
29,4423398,Emil Bemstrom,52,24,"6' 0""",195 lbs,R,RW
29,4697404,Yegor Chinakhov,59,23,"6' 1""",204 lbs,L,RW
29,4894355,Justin Danforth,17,30,"5' 8""",188 lbs,R,RW
29,4587996,Kirill Marchenko,86,23,"6' 3""",195 lbs,R,RW
29,4064781,Mathieu Olivier,24,26,"6' 1""",222 lbs,R,RW
29,4024916,Jake Bean,22,25,"6' 1""",191 lbs,L,D
29,4781550,Nick Blankenburg,77,25,"5' 9""",177 lbs,R,D
29,5503,Erik Gudbranson,44,32,"6' 5""",222 lbs,R,D
29,5080156,Denton Mateychuk,5,19,"5' 10""",194 lbs,L,D
29,4064936,Andrew Peeke,2,25,"6' 3""",214 lbs,R,D
29,3899939,Ivan Provorov,9,27,"6' 1""",220 lbs,L,D
29,3068087,Damon Severson,78,29,"6' 2""",202 lbs,R,D
29,3899972,Zach Werenski,8,26,"6' 2""",219 lbs,L,D
29,3151038,Elvis Merzlikins,90,29,"6' 3""",184 lbs,L,G
29,4587994,Daniil Tarasov,40,24,"6' 5""",201 lbs,L,G
9,4352747,Ty Dellandrea,10,23,"6' 2""",190 lbs,R,C
9,5161,Matt Duchene,95,33,"6' 1""",210 lbs,L,C
9,2976842,Radek Faksa,12,30,"6' 3""",215 lbs,L,C
9,3904183,Roope Hintz,24,27,"6' 3""",212 lbs,L,C
9,4874740,Wyatt Johnston,53,20,"6' 2""",184 lbs,R,C
9,3451,Joe Pavelski,16,39,"6' 1""",196 lbs,R,C
9,5430,Tyler Seguin,91,32,"6' 1""",207 lbs,R,C
9,2570752,Craig Smith,15,34,"6' 1""",203 lbs,R,C
9,4024998,Sam Steel,18,26,"6' 0""",185 lbs,L,C
9,5137011,Chase Wheatcroft,48,21,"6' 2""",175 lbs,L,C
9,3998,Jamie Benn,14,34,"6' 2""",205 lbs,L,LW
9,4272192,Mason Marchment,27,28,"6' 5""",216 lbs,L,LW
9,4233875,Jason Robertson,21,24,"6' 3""",202 lbs,L,LW
9,4969,Evgenii Dadonov,63,34,"6' 0""",185 lbs,L,RW
9,2960288,Jani Hakanpaa,2,31,"6' 7""",222 lbs,R,D
9,3149612,Joel Hanley,44,32,"5' 11""",186 lbs,R,D
9,4565239,Thomas Harley,55,22,"6' 4""",206 lbs,L,D
9,4233536,Miro Heiskanen,4,24,"6' 2""",197 lbs,L,D
9,3069352,Esa Lindell,23,29,"6' 3""",216 lbs,L,D
9,4352800,Nils Lundkvist,5,23,"6' 1""",190 lbs,R,D
9,4712026,Jerad Rosburg,39,27,"6' 1""",200 lbs,L,D
9,3047,Ryan Suter,20,39,"6' 1""",201 lbs,L,D
9,4196914,Jake Oettinger,29,25,"6' 6""",224 lbs,L,G
9,5622,Scott Wedgewood,41,31,"6' 2""",201 lbs,L,G
5,3042114,Andrew Copp,18,29,"6' 1""",203 lbs,L,C
5,3114774,Robby Fabbri,14,28,"6' 1""",185 lbs,L,C
5,4233738,Klim Kostin,24,24,"6' 4""",232 lbs,L,C
5,3114755,Dylan Larkin,71,27,"6' 1""",199 lbs,L,C
5,4233576,Michael Rasmussen,27,24,"6' 6""",220 lbs,L,C
5,4352804,Joe Veleno,90,24,"6' 1""",201 lbs,L,C
5,3041995,J.T. Compher,37,28,"6' 0""",195 lbs,R,LW
5,3792,David Perron,57,35,"6' 0""",195 lbs,R,LW
5,4697385,Lucas Raymond,23,21,"5' 11""",188 lbs,R,LW
5,4063433,Alex DeBrincat,93,26,"5' 8""",180 lbs,R,RW
5,3904170,Christian Fischer,36,26,"6' 0""",208 lbs,R,RW
5,3735,Patrick Kane,88,35,"5' 10""",177 lbs,L,RW
5,4062234,Matt Luff,22,26,"6' 2""",196 lbs,R,RW
5,3904181,Daniel Sprong,17,26,"6' 0""",195 lbs,R,RW
5,5246,Ben Chiarot,8,32,"6' 3""",224 lbs,L,D
5,3025662,Shayne Gostisbehere,41,30,"5' 11""",183 lbs,L,D
5,5763,Justin Holl,3,32,"6' 4""",194 lbs,R,D
5,2976850,Olli Maatta,2,29,"6' 2""",207 lbs,L,D
5,5407,Jeff Petry,46,36,"6' 3""",208 lbs,R,D
5,4565227,Moritz Seider,53,22,"6' 3""",205 lbs,R,D
5,3151136,Jake Walman,96,27,"6' 1""",218 lbs,L,D
5,3151137,Ville Husso,35,28,"6' 3""",205 lbs,L,G
5,3654006,Alex Lyon,34,31,"6' 1""",196 lbs,L,G
5,3870,James Reimer,47,35,"6' 2""",200 lbs,L,G
6,3114727,Leon Draisaitl,29,28,"6' 2""",208 lbs,L,C
6,3808,Sam Gagner,89,34,"5' 11""",201 lbs,R,C
6,3042085,Mattias Janmark,13,31,"6' 2""",205 lbs,L,C
6,4565261,Raphael Lavoie,62,23,"6' 4""",196 lbs,R,C
6,3895074,Connor McDavid,97,27,"6' 1""",193 lbs,L,C
6,4378669,Ryan McLeod,71,24,"6' 3""",188 lbs,L,C
6,2562624,Ryan Nugent-Hopkins,93,30,"6' 1""",192 lbs,L,C
6,3902133,Derek Ryan,10,37,"5' 10""",185 lbs,R,C
6,3041991,Adam Erne,21,28,"6' 1""",212 lbs,L,LW
6,3151036,Warren Foegele,37,27,"6' 2""",204 lbs,L,LW
6,4697397,Dylan Holloway,55,22,"6' 1""",206 lbs,L,LW
6,5509,Zach Hyman,18,31,"6' 1""",206 lbs,R,LW
6,5251,Evander Kane,91,32,"6' 2""",218 lbs,L,LW
6,3067951,Connor Brown,28,30,"6' 0""",184 lbs,R,RW
6,2273,Corey Perry,90,38,"6' 3""",208 lbs,R,RW
6,4352722,Evan Bouchard,2,24,"6' 3""",192 lbs,R,D
6,2976843,Cody Ceci,5,30,"6' 2""",210 lbs,R,D
6,4392260,Vincent Desharnais,73,27,"6' 7""",226 lbs,R,D
6,2558631,Mattias Ekholm,14,33,"6' 5""",225 lbs,L,D
6,4393032,Ben Gleason,6,25,"6' 1""",185 lbs,L,D
6,3068665,Brett Kulak,27,30,"6' 2""",192 lbs,L,D
6,3041997,Darnell Nurse,25,29,"6' 4""",215 lbs,L,D
6,5524,Calvin Pickard,30,31,"6' 1""",206 lbs,L,G
6,4268767,Stuart Skinner,74,25,"6' 4""",230 lbs,L,G
26,3041970,Aleksander Barkov,16,28,"6' 3""",215 lbs,L,C
26,3114732,Sam Bennett,9,27,"6' 1""",195 lbs,L,C
26,2563027,Nick Cousins,21,30,"5' 11""",186 lbs,L,C
26,3939658,Steven Lorentz,18,27,"6' 4""",216 lbs,L,C
26,4697395,Anton Lundell,15,22,"6' 1""",190 lbs,L,C
26,4233877,Eetu Luostarinen,27,25,"6' 3""",190 lbs,L,C
26,3114722,Sam Reinhart,13,28,"6' 2""",193 lbs,R,C
26,3648008,Evan Rodrigues,17,30,"5' 11""",175 lbs,R,C
26,3904191,Kevin Stenlund,82,27,"6' 5""",215 lbs,R,C
26,3042088,Carter Verhaeghe,23,28,"6' 2""",180 lbs,L,C
26,4233890,Jonah Gadjovich,12,25,"6' 2""",209 lbs,L,LW
26,3942548,Ryan Lomberg,94,29,"5' 9""",184 lbs,L,LW
26,4024854,Matthew Tkachuk,19,26,"6' 2""",206 lbs,L,LW
26,4270244,William Lockwood,67,25,"6' 0""",178 lbs,R,RW
26,3114717,Aaron Ekblad,5,27,"6' 4""",215 lbs,R,D
26,5488,Oliver Ekman-Larsson,91,32,"6' 2""",191 lbs,L,D
26,3151784,Gustav Forsling,42,27,"6' 0""",195 lbs,L,D
26,5328,Dmitry Kulikov,7,33,"6' 1""",201 lbs,L,D
26,4063504,Josh Mahura,28,25,"6' 0""",193 lbs,L,D
26,3942354,Niko Mikkola,77,27,"6' 5""",206 lbs,L,D
26,3115032,Brandon Montour,62,29,"6' 0""",199 lbs,R,D
26,5571,Sergei Bobrovsky,72,35,"6' 2""",188 lbs,L,G
26,3067313,Anthony Stolarz,41,30,"6' 6""",243 lbs,L,G
8,4232871,Jaret Anderson-Dolan,28,24,"5' 11""",200 lbs,L,C
8,2562602,Phillip Danault,24,30,"6' 1""",200 lbs,L,C
8,4024833,Pierre-Luc Dubois,80,25,"6' 4""",214 lbs,L,C
8,3183,Anze Kopitar,11,36,"6' 3""",225 lbs,L,C
8,3454,Trevor Lewis,61,37,"6' 1""",202 lbs,R,C
8,4316983,Blake Lizotte,46,26,"5' 9""",170 lbs,L,C
8,4565226,Alex Turcotte,38,22,"5' 11""",185 lbs,L,C
8,3120307,Viktor Arvidsson,33,30,"5' 10""",185 lbs,R,LW
8,4565273,Samuel Fagemo,68,23,"6' 0""",200 lbs,R,LW
8,3114743,Kevin Fiala,22,27,"5' 10""",204 lbs,L,LW
8,3096186,Trevor Moore,12,28,"5' 10""",195 lbs,L,LW
8,4697383,Quinton Byfield,55,21,"6' 4""",215 lbs,L,RW
8,4271565,Carl Grundstrom,91,26,"6' 0""",201 lbs,L,RW
8,4565256,Arthur Kaliyev,34,22,"6' 2""",210 lbs,L,RW
8,3114802,Adrian Kempe,9,27,"6' 2""",201 lbs,L,RW
8,4697725,Alex Laferriere,78,22,"6' 1""",178 lbs,R,RW
8,4588178,Mikey Anderson,44,24,"6' 0""",197 lbs,L,D
8,4874722,Brandt Clarke,92,20,"6' 2""",185 lbs,R,D
8,3995,Drew Doughty,8,34,"6' 1""",210 lbs,R,D
8,3114997,Andreas Englund,5,28,"6' 3""",189 lbs,L,D
8,3942292,Vladislav Gavrikov,84,28,"6' 3""",221 lbs,L,D
8,3942924,Matt Roy,3,28,"6' 1""",205 lbs,R,D
8,4588190,Jordan Spence,21,22,"5' 10""",180 lbs,R,D
8,3095330,Pheonix Copley,29,32,"6' 4""",200 lbs,L,G
8,4063288,David Rittich,31,31,"6' 4""",205 lbs,L,G
8,5734,Cam Talbot,39,36,"6' 4""",196 lbs,L,G
30,4588004,Connor Dewar,26,24,"5' 10""",183 lbs,L,C
30,3904091,Joel Eriksson Ek,14,27,"6' 3""",207 lbs,L,C
30,3149649,Frederick Gaudreau,89,30,"6' 0""",184 lbs,R,C
30,4197153,Jacob Lucchini,27,28,"6' 0""",174 lbs,L,C
30,3042018,Nic Petan,19,28,"5' 9""",175 lbs,L,C
30,4697391,Marco Rossi,23,22,"5' 9""",182 lbs,L,C
30,4565233,Matt Boldy,12,22,"6' 2""",201 lbs,L,LW
30,5172,Marcus Foligno,17,32,"6' 3""",226 lbs,L,LW
30,5714,Marcus Johansson,90,33,"6' 1""",203 lbs,L,LW
30,3942335,Kirill Kaprizov,97,26,"5' 10""",202 lbs,L,LW
30,3853,Pat Maroon,20,35,"6' 3""",234 lbs,L,LW
30,4197009,Brandon Duhaime,21,26,"6' 2""",200 lbs,L,RW
30,3042063,Ryan Hartman,38,29,"6' 0""",197 lbs,R,RW
30,4697822,Adam Raska,51,22,"5' 10""",178 lbs,R,RW
30,5560,Mats Zuccarello,36,36,"5' 8""",181 lbs,L,RW
30,4002,Zach Bogosian,24,33,"6' 3""",231 lbs,R,D
30,2562600,Jonas Brodin,25,30,"6' 2""",196 lbs,L,D
30,4587929,Declan Chisholm,N/A,24,"6' 1""",190 lbs,L,D
30,4697449,Brock Faber,7,21,"6' 1""",200 lbs,R,D
30,3757,Alex Goligoski,33,38,"5' 11""",173 lbs,L,D
30,3069273,Dakota Mermis,6,30,"6' 0""",195 lbs,L,D
30,3059403,Jon Merrill,4,32,"6' 3""",204 lbs,L,D
30,3149839,Jake Middleton,5,28,"6' 3""",219 lbs,L,D
30,5079,Jared Spurgeon,46,34,"5' 9""",166 lbs,R,D
30,2346,Marc-Andre Fleury,29,39,"6' 2""",185 lbs,L,G
30,4272674,Filip Gustavsson,32,25,"6' 2""",184 lbs,L,G
10,4565224,Kirby Dach,77,23,"6' 4""",217 lbs,R,C
10,3115035,Christian Dvorak,28,28,"6' 1""",192 lbs,L,C
10,4393049,Jake Evans,71,27,"6' 1""",187 lbs,R,C
10,4064849,Brandon Gignac,51,26,"5' 11""",170 lbs,L,C
10,4565237,Alex Newhook,15,23,"5' 11""",199 lbs,L,C
10,4233594,Nick Suzuki,14,24,"5' 11""",212 lbs,R,C
10,4588742,Filip Cederqvist,49,23,--,--,--,LW
10,4997129,Lucas Condotta,82,26,"6' 1""",223 lbs,--,LW
10,4391250,Rafael Harvey-Pinard,49,25,"5' 9""",184 lbs,L,LW
10,2976860,Tanner Pearson,70,31,"6' 1""",207 lbs,L,LW
10,4392215,Michael Pezzetta,55,25,"6' 1""",217 lbs,L,LW
10,4915349,Juraj Slafkovsky,20,19,"6' 3""",230 lbs,L,LW
10,3069687,Josh Anderson,17,29,"6' 3""",224 lbs,R,RW
10,2562596,Joel Armia,40,30,"6' 3""",216 lbs,R,RW
10,4565236,Cole Caufield,22,23,"5' 8""",175 lbs,R,RW
10,5614,Brendan Gallagher,11,31,"5' 9""",184 lbs,R,RW
10,5012030,Joshua Roy,89,20,"6' 0""",187 lbs,L,RW
10,4378663,Jesse Ylonen,56,24,"6' 1""",200 lbs,R,RW
10,4697408,Justin Barron,52,22,"6' 2""",202 lbs,R,D
10,4352799,Nicolas Beaudin,92,24,"5' 11""",168 lbs,L,D
10,4697399,Kaiden Guhle,21,22,"6' 3""",201 lbs,L,D
10,4419724,Jordan Harris,54,23,"5' 11""",189 lbs,L,D
10,4587933,Johnathan Kovacevic,26,26,"6' 5""",223 lbs,R,D
10,2976851,Mike Matheson,8,29,"6' 2""",196 lbs,L,D
10,4894369,Mattias Norlinder,59,23,"5' 11""",179 lbs,L,D
10,5427,David Savard,58,33,"6' 1""",238 lbs,R,D
10,4565269,Jayden Struble,47,22,"6' 1""",205 lbs,--,D
10,2334912,Chris Wideman,6,34,"5' 10""",180 lbs,R,D
10,4893969,Arber Xhekaj,72,23,"6' 4""",240 lbs,L,D
10,5111,Jake Allen,34,33,"6' 2""",197 lbs,L,G
10,3942714,Sam Montembeault,35,27,"6' 3""",222 lbs,L,G
10,3231,Carey Price,31,36,"6' 3""",217 lbs,L,G
10,4587855,Cayden Primeau,30,24,"6' 3""",207 lbs,L,G
27,4352758,Liam Foudy,18,24,"6' 2""",188 lbs,L,C
27,4781628,Carson Gicewicz,N/A,26,"6' 3""",213 lbs,--,C
27,4233568,Cody Glass,8,24,"6' 3""",206 lbs,R,C
27,3942061,Tommy Novak,82,26,"6' 1""",179 lbs,L,C
27,5823,Gustav Nyquist,14,34,"5' 11""",180 lbs,L,C
27,5208,Ryan O'Reilly,90,32,"6' 1""",207 lbs,L,C
27,2993474,Colton Sissons,10,30,"6' 1""",200 lbs,R,C
27,4565245,Philip Tomasino,26,22,"6' 0""",179 lbs,R,C
27,3904188,Yakov Trenin,13,27,"6' 2""",201 lbs,L,C
27,2968772,Filip Forsberg,9,29,"6' 1""",205 lbs,R,LW
27,4391255,Kiefer Sherwood,44,28,"6' 0""",194 lbs,R,LW
27,4197130,Cole Smith,36,28,"6' 3""",195 lbs,L,LW
27,4697446,Luke Evangelista,77,21,"6' 0""",183 lbs,--,RW
27,3900147,Denis Gurianov,15,26,"6' 3""",205 lbs,L,RW
27,3042048,Michael McCarron,47,28,"6' 6""",232 lbs,R,RW
27,5181,Tyson Barrie,22,32,"5' 11""",197 lbs,R,D
27,3942064,Alexandre Carrier,45,27,"5' 11""",174 lbs,R,D
27,4024959,Dante Fabbro,57,25,"6' 0""",189 lbs,R,D
27,5436,Roman Josi,59,33,"6' 1""",201 lbs,L,D
27,3904185,Jeremy Lauzon,3,26,"6' 3""",225 lbs,L,D
27,4954,Ryan McDonagh,27,34,"6' 1""",215 lbs,L,D
27,5092,Luke Schenn,2,34,"6' 2""",225 lbs,R,D
27,4341584,Kevin Lankinen,32,28,"6' 2""",190 lbs,L,G
27,3042109,Juuse Saros,74,28,"5' 11""",180 lbs,L,G
11,4233555,Nico Hischier,13,25,"6' 1""",175 lbs,L,C
11,4565222,Jack Hughes,86,22,"5' 11""",175 lbs,L,C
11,3042023,Curtis Lazar,42,29,"6' 0""",203 lbs,R,C
11,4024902,Michael McLeod,20,26,"6' 2""",190 lbs,R,C
11,4697401,Dawson Mercer,91,22,"6' 0""",180 lbs,R,C
11,3067870,Chris Tierney,11,29,"6' 1""",191 lbs,L,C
11,3151095,Max Willman,46,28,"6' 0""",184 lbs,R,C
11,4268771,Jesper Bratt,63,25,"5' 10""",175 lbs,L,LW
11,4565248,Nolan Foote,25,23,"6' 3""",196 lbs,L,LW
11,2593311,Erik Haula,56,32,"5' 11""",191 lbs,L,LW
11,4272106,Samuel Laberge,79,26,"6' 2""",206 lbs,L,LW
11,3112266,Tomas Nosek,92,31,"6' 3""",205 lbs,L,LW
11,2590389,Ondrej Palat,18,32,"6' 0""",194 lbs,L,LW
11,4063279,Nathan Bastian,14,26,"6' 4""",205 lbs,R,RW
11,4587944,Graeme Clarke,95,22,"5' 11""",175 lbs,R,RW
11,5196511,Yushiroh Hirano,71,28,"6' 1""",216 lbs,--,RW
11,4697388,Alexander Holtz,10,22,"6' 0""",195 lbs,R,RW
11,3899978,Timo Meier,28,27,"6' 1""",220 lbs,L,RW
11,5550,Tyler Toffoli,73,31,"6' 0""",203 lbs,R,RW
11,4378686,Kevin Bahl,88,23,"6' 6""",230 lbs,L,D
11,4196959,Nick DeSimone,57,29,"6' 2""",185 lbs,R,D
11,4233598,Cal Foote,52,25,"6' 5""",224 lbs,R,D
11,2562605,Dougie Hamilton,7,30,"6' 6""",230 lbs,R,D
11,4894318,Santeri Hatakka,82,23,"6' 0""",174 lbs,L,D
11,4874719,Luke Hughes,43,20,"6' 2""",184 lbs,L,D
11,3941974,John Marino,6,26,"6' 1""",181 lbs,R,D
11,2590796,Colin Miller,24,31,"6' 1""",200 lbs,R,D
11,4915344,Simon Nemec,17,19,"6' 1""",190 lbs,R,D
11,3904190,Jonas Siegenthaler,71,26,"6' 2""",218 lbs,L,D
11,4973,Brendan Smith,2,34,"6' 2""",200 lbs,L,D
11,4894673,Nico Daws,50,23,"6' 4""",205 lbs,L,G
11,3114996,Vitek Vanecek,41,28,"6' 2""",184 lbs,L,G
12,3899946,Mathew Barzal,13,26,"6' 1""",190 lbs,R,C
12,5262,Casey Cizikas,53,32,"5' 11""",194 lbs,L,C
12,3042002,Bo Horvat,14,28,"6' 1""",213 lbs,L,C
12,4393199,Kyle MacLean,32,24,"6' 1""",190 lbs,L,C
12,5798,Brock Nelson,29,32,"6' 4""",210 lbs,L,C
12,2593131,Jean-Gabriel Pageau,44,31,"5' 11""",185 lbs,R,C
12,5517,Kyle Palmieri,21,33,"5' 11""",196 lbs,R,C
12,3151763,Pierre Engvall,18,27,"6' 5""",215 lbs,L,LW
12,5793,Anders Lee,27,33,"6' 3""",227 lbs,L,LW
12,5050,Matt Martin,17,34,"6' 3""",215 lbs,L,LW
12,3689,Cal Clutterbuck,15,36,"5' 11""",215 lbs,R,RW
12,3042134,Hudson Fasching,20,28,"6' 3""",209 lbs,R,RW
12,4565244,Simon Holmstrom,10,22,"6' 2""",215 lbs,L,RW
12,4352727,Oliver Wahlstrom,26,23,"6' 2""",200 lbs,R,RW
12,4272688,Sebastian Aho,25,27,"5' 10""",180 lbs,L,D
12,4565279,Samuel Bolduc,4,23,"6' 4""",220 lbs,L,D
12,4916,Robert Bortuzzo,41,34,"6' 4""",216 lbs,R,D
12,4352732,Noah Dobson,8,24,"6' 4""",200 lbs,R,D
12,2563069,Scott Mayfield,24,31,"6' 5""",220 lbs,R,D
12,3069621,Adam Pelech,3,29,"6' 3""",210 lbs,L,D
12,3042019,Ryan Pulock,6,29,"6' 2""",216 lbs,R,D
12,3024796,Mike Reilly,2,30,"6' 1""",196 lbs,L,D
12,4587854,Alexander Romanov,28,24,"6' 1""",215 lbs,L,D
12,3151981,Ilya Sorokin,30,28,"6' 3""",195 lbs,L,G
12,3759,Semyon Varlamov,40,35,"6' 2""",205 lbs,L,G
13,3025614,Jonny Brodzinski,22,30,"6' 0""",204 lbs,L,C
13,4233643,Filip Chytil,72,24,"6' 2""",208 lbs,L,C
13,4894222,Adam Edstrom,84,23,"6' 7""",220 lbs,L,C
13,3069411,Barclay Goodrow,21,30,"6' 2""",209 lbs,L,C
13,5005,Riley Nash,18,34,"6' 2""",185 lbs,R,C
13,5526,Tyler Pitlick,71,32,"6' 2""",199 lbs,R,C
13,2563036,Vincent Trocheck,16,30,"5' 11""",187 lbs,R,C
13,2562637,Mika Zibanejad,93,30,"6' 2""",201 lbs,R,C
13,4697468,Will Cuylle,50,21,"6' 3""",210 lbs,--,LW
13,5833,Chris Kreider,20,32,"6' 3""",233 lbs,L,LW
13,4697382,Alexis Lafreniere,13,22,"6' 1""",194 lbs,L,LW
13,4874733,Brennan Othmann,78,21,"6' 0""",175 lbs,--,LW
13,3891952,Artemi Panarin,10,32,"6' 0""",175 lbs,R,LW
13,3069397,Jimmy Vesey,26,30,"6' 2""",202 lbs,L,LW
13,4565223,Kaapo Kakko,24,22,"6' 2""",205 lbs,L,RW
13,3961,Blake Wheeler,17,37,"6' 5""",222 lbs,R,RW
13,4197146,Adam Fox,23,25,"5' 11""",185 lbs,R,D
13,3891922,Erik Gustafsson,56,31,"6' 1""",189 lbs,L,D
13,4781635,Zac Jones,6,23,"5' 10""",176 lbs,L,D
13,4271998,Ryan Lindgren,55,25,"6' 0""",193 lbs,L,D
13,4352770,K'Andre Miller,79,24,"6' 5""",210 lbs,L,D
13,4565272,Matthew Robertson,44,22,"6' 4""",201 lbs,L,D
13,4697402,Braden Schneider,4,22,"6' 3""",211 lbs,R,D
13,2976839,Jacob Trouba,8,29,"6' 3""",209 lbs,R,D
13,3634,Jonathan Quick,32,38,"6' 1""",215 lbs,L,G
13,3151297,Igor Shesterkin,31,28,"6' 1""",197 lbs,L,G
14,3151791,Rourke Chartier,49,27,"6' 0""",201 lbs,L,C
14,4697411,Ridly Greig,71,21,"6' 0""",184 lbs,L,C
14,4587985,Mark Kastelic,12,24,"6' 4""",226 lbs,R,C
14,4233627,Josh Norris,9,24,"6' 2""",195 lbs,L,C
14,4565255,Shane Pinto,57,23,"6' 2""",191 lbs,R,C
14,4697384,Tim Stutzle,18,22,"6' 0""",197 lbs,L,C
14,4697437,Roby Jarventie,52,21,"6' 2""",184 lbs,L,LW
14,4392309,Parker Kelly,27,24,"6' 1""",185 lbs,L,LW
14,3042245,Dominik Kubalik,81,28,"6' 2""",192 lbs,L,LW
14,4319858,Brady Tkachuk,7,24,"6' 4""",225 lbs,L,LW
14,4271734,Drake Batherson,19,25,"6' 3""",203 lbs,R,RW
14,5175309,Tarun Fizer,N/A,22,"5' 11""",168 lbs,--,RW
14,3775,Claude Giroux,28,36,"5' 11""",188 lbs,R,RW
14,3941965,Mathieu Joseph,21,26,"6' 1""",186 lbs,R,RW
14,4063569,Zack MacEwen,17,27,"6' 4""",240 lbs,R,RW
14,5837,Vladimir Tarasenko,91,32,"6' 1""",219 lbs,L,RW
14,4352798,Jacob Bernard-Docker,24,23,"6' 0""",190 lbs,R,D
14,4233606,Erik Brannstrom,26,24,"5' 10""",185 lbs,L,D
14,3900219,Thomas Chabot,72,27,"6' 2""",203 lbs,L,D
14,4024950,Jakob Chychrun,6,25,"6' 2""",205 lbs,L,D
14,5073,Travis Hamonic,23,33,"6' 1""",200 lbs,R,D
14,4697448,Tyler Kleven,43,21,"6' 4""",213 lbs,--,D
14,3900256,Jacob Larsson,32,26,"6' 2""",193 lbs,L,D
14,4697386,Jake Sanderson,85,21,"6' 2""",203 lbs,L,D
14,4712021,Artem Zub,2,28,"6' 3""",204 lbs,R,D
14,3036851,Anton Forsberg,31,31,"6' 3""",195 lbs,L,G
14,3069266,Joonas Korpisalo,70,29,"6' 3""",189 lbs,L,G
14,4565260,Mads Sogaard,40,23,"6' 7""",196 lbs,L,G
15,2562601,Sean Couturier,14,31,"6' 4""",210 lbs,L,C
15,4233685,Morgan Frost,48,24,"6' 0""",193 lbs,L,C
15,2976848,Scott Laughton,21,29,"6' 1""",191 lbs,L,C
15,4233668,Ryan Poehling,25,25,"6' 2""",204 lbs,L,C
15,4419682,Noah Cates,27,24,"6' 2""",194 lbs,L,LW
15,5193,Nicolas Deslauriers,44,32,"6' 1""",218 lbs,L,LW
15,4352750,Joel Farabee,86,23,"6' 0""",186 lbs,L,LW
15,2501107,Cam Atkinson,89,34,"5' 8""",175 lbs,R,RW
15,4565257,Bobby Brink,10,22,"5' 8""",169 lbs,R,RW
15,4697406,Tyson Foerster,71,22,"6' 2""",215 lbs,R,RW
15,3149633,Garnet Hathaway,19,32,"6' 2""",212 lbs,R,RW
15,3900169,Travis Konecny,11,26,"5' 10""",192 lbs,R,RW
15,4587805,Olle Lycksell,62,24,"5' 10""",163 lbs,--,RW
15,4392072,Owen Tippett,74,24,"6' 1""",210 lbs,R,RW
15,4697457,Emil Andrae,36,21,"5' 8""",181 lbs,--,D
15,4697387,Jamie Drysdale,9,21,"5' 11""",185 lbs,R,D
15,5169,Ryan Ellis,94,33,"5' 10""",180 lbs,R,D
15,4081035,Victor Mete,98,25,"5' 9""",187 lbs,L,D
15,3041999,Rasmus Ristolainen,55,29,"6' 4""",208 lbs,R,D
15,3114757,Travis Sanheim,6,27,"6' 4""",222 lbs,L,D
15,2564164,Nick Seeler,24,30,"6' 3""",197 lbs,L,D
15,3250,Marc Staal,18,37,"6' 4""",208 lbs,L,D
15,4272905,Sean Walker,26,29,"5' 11""",191 lbs,R,D
15,4565235,Cam York,8,23,"6' 0""",194 lbs,L,D
15,4392268,Egor Zamula,5,23,"6' 3""",200 lbs,L,D
15,4587815,Samuel Ersson,33,24,"6' 3""",194 lbs,--,G
15,4064582,Carter Hart,79,25,"6' 2""",196 lbs,L,G
15,3042182,Cal Petersen,40,29,"6' 2""",185 lbs,R,G
16,3096237,Noel Acciari,55,32,"5' 10""",209 lbs,R,C
16,2383,Jeff Carter,77,39,"6' 3""",219 lbs,R,C
16,3114,Sidney Crosby,87,36,"5' 11""",200 lbs,L,C
16,3946,Lars Eller,20,34,"6' 2""",207 lbs,L,C
16,4587982,Jonathan Gruden,44,23,"6' 0""",172 lbs,L,C
16,3900154,Jansen Harkins,43,26,"6' 1""",182 lbs,L,C
16,3069613,Vinnie Hinostroza,13,29,"5' 9""",173 lbs,R,C
16,3124,Evgeni Malkin,71,37,"6' 3""",195 lbs,L,C
16,4867884,Karel Plasek,N/A,23,"5' 11""",154 lbs,--,C
16,3900259,Colin White,36,27,"5' 11""",191 lbs,R,C
16,3042083,Jake Guentzel,59,29,"5' 11""",180 lbs,L,LW
16,4268746,Joona Koppanen,15,25,"6' 5""",192 lbs,L,LW
16,2563076,Matt Nieto,83,31,"5' 11""",185 lbs,L,LW
16,4712146,Drew O'Connor,10,25,"6' 3""",190 lbs,L,LW
16,5149600,Marc Johnstone,9,27,"6' 0""",181 lbs,--,RW
16,2562629,Rickard Rakell,67,30,"6' 1""",195 lbs,R,RW
16,2591155,Bryan Rust,17,31,"5' 11""",192 lbs,R,RW
16,2500990,Reilly Smith,19,32,"6' 1""",185 lbs,L,RW
16,3042122,Ryan Graves,27,28,"6' 5""",220 lbs,L,D
16,4233653,Pierre-Olivier Joseph,73,24,"6' 2""",185 lbs,L,D
16,5164,Erik Karlsson,65,33,"6' 0""",190 lbs,R,D
16,3539,Kris Letang,58,36,"6' 0""",201 lbs,R,D
16,4846923,John Ludvig,7,23,"6' 1""",213 lbs,L,D
16,3114995,Marcus Pettersson,28,27,"6' 3""",177 lbs,L,D
16,4419767,Jack Rathbone,N/A,24,"5' 11""",190 lbs,R,D
16,3024837,Chad Ruhwedel,2,33,"5' 11""",191 lbs,R,D
16,4268766,Dmitri Samorukov,53,24,"6' 2""",180 lbs,L,D
16,2563047,Magnus Hellberg,45,32,"6' 6""",220 lbs,L,G
16,3042020,Tristan Jarry,35,28,"6' 2""",194 lbs,L,G
16,3114994,Alex Nedeljkovic,39,28,"6' 0""",208 lbs,L,G
18,4697443,Thomas Bordeleau,17,22,"5' 10""",179 lbs,L,C
18,3096605,Ryan Carpenter,22,33,"6' 1""",198 lbs,R,C
18,3773,Logan Couture,39,34,"6' 1""",206 lbs,L,C
18,5831,Mikael Granlund,64,31,"5' 10""",185 lbs,L,C
18,2976844,Tomas Hertl,48,30,"6' 3""",215 lbs,L,C
18,5103,Mike Hoffman,68,34,"6' 0""",190 lbs,L,C
18,4024933,Luke Kunin,11,26,"6' 0""",197 lbs,R,C
18,4894378,Jacob Peterson,24,24,"6' 1""",180 lbs,L,C
18,4320625,Nico Sturm,7,28,"6' 3""",209 lbs,L,C
18,4294800,Alexander Barabanov,94,26,"5' 10""",195 lbs,L,LW
18,3042086,Anthony Duclair,10,28,"5' 11""",197 lbs,L,LW
18,4874721,William Eklund,72,21,"5' 11""",181 lbs,L,LW
18,4697708,Danil Gushchin,75,21,"5' 8""",165 lbs,L,LW
18,4587837,Fabian Zetterlund,20,24,"5' 11""",220 lbs,R,LW
18,3042043,Justin Bailey,90,28,"6' 4""",214 lbs,R,RW
18,3151792,Kevin Labanc,62,28,"5' 11""",185 lbs,R,RW
18,4063602,Givani Smith,54,25,"6' 2""",214 lbs,L,RW
18,4352700,Filip Zadina,18,24,"6' 0""",190 lbs,L,RW
18,4378684,Calen Addison,33,23,"5' 11""",173 lbs,R,D
18,3069449,Matt Benning,5,29,"6' 1""",203 lbs,R,D
18,3042255,Kyle Burroughs,4,28,"6' 0""",193 lbs,R,D
18,4587566,Ty Emberson,6,23,"6' 2""",193 lbs,R,D
18,4233884,Mario Ferraro,38,25,"6' 0""",209 lbs,L,D
18,4565857,Nikolai Knyzhov,71,25,"6' 1""",195 lbs,L,D
18,4268768,Jacob MacDonald,9,30,"6' 0""",204 lbs,L,D
18,4565283,Nikita Okhotiuk,83,23,"6' 1""",195 lbs,L,D
18,5175507,Valtteri Pulli,77,22,"6' 5""",210 lbs,--,D
18,4230583,Jan Rutta,84,33,"6' 3""",204 lbs,R,D
18,4997138,Henry Thrun,3,22,"6' 2""",190 lbs,L,D
18,3371,Marc-Edouard Vlasic,44,36,"6' 1""",205 lbs,L,D
18,3904177,Mackenzie Blackwood,29,27,"6' 4""",225 lbs,L,G
18,4588038,Magnus Chrona,30,23,"6' 5""",215 lbs,L,G
18,3151341,Kaapo Kahkonen,36,27,"6' 2""",217 lbs,L,G
18,5144058,Georgi Romanov,31,24,"6' 5""",207 lbs,L,G
18,4894472,Beck Warm,40,24,"6' 0""",173 lbs,--,G
124292,4781552,Matty Beniers,10,21,"6' 2""",178 lbs,L,C
124292,3094261,Yanni Gourde,37,32,"5' 9""",174 lbs,L,C
124292,3975833,Andrew Poturalski,12,30,"5' 10""",190 lbs,R,C
124292,5835,Jaden Schwartz,17,31,"5' 10""",185 lbs,L,C
124292,3042017,Alex Wennberg,21,29,"6' 2""",190 lbs,L,C
124292,5080144,Shane Wright,51,20,"6' 0""",199 lbs,R,C
124292,3111908,Pierre-Edouard Bellemare,41,38,"5' 11""",198 lbs,L,LW
124292,3042044,Andre Burakovsky,95,28,"6' 3""",209 lbs,L,LW
124292,4588750,Tye Kartye,52,22,"5' 11""",202 lbs,R,LW
124292,3114777,Jared McCann,19,27,"6' 1""",191 lbs,L,LW
124292,3070197,Max McCormick,71,31,"5' 11""",188 lbs,L,LW
124292,3096236,Brandon Tanev,13,32,"6' 0""",189 lbs,L,LW
124292,5227,Tomas Tatar,90,33,"5' 10""",173 lbs,L,LW
124292,3042095,Oliver Bjorkstrand,22,28,"6' 0""",175 lbs,R,RW
124292,5032,Jordan Eberle,7,33,"5' 11""",190 lbs,R,RW
124292,4233869,Kole Lind,73,25,"6' 1""",178 lbs,R,RW
124292,4268772,Marian Studenic,43,25,"6' 1""",190 lbs,L,RW
124292,4233720,Eeli Tolvanen,20,24,"5' 10""",191 lbs,L,RW
124292,4233648,Kailer Yamamoto,56,25,"5' 8""",153 lbs,R,RW
124292,3941946,Will Borgen,3,27,"6' 3""",204 lbs,R,D
124292,5738,Brian Dumoulin,8,32,"6' 4""",207 lbs,L,D
124292,3904189,Vince Dunn,29,27,"6' 0""",200 lbs,L,D
124292,2562610,Adam Larsson,6,31,"6' 3""",209 lbs,R,D
124292,2562625,Jamie Oleksiak,24,31,"6' 7""",257 lbs,L,D
124292,2501067,Justin Schultz,4,33,"6' 2""",190 lbs,R,D
124292,3942073,Joey Daccord,35,27,"6' 2""",201 lbs,L,G
124292,5657,Philipp Grubauer,31,32,"6' 1""",188 lbs,L,G
19,4565284,Nikita Alexandrov,59,23,"6' 1""",177 lbs,L,C
19,3942868,Adam Gaudette,88,27,"6' 1""",170 lbs,R,C
19,4062251,Jordan Kyrou,25,25,"6' 1""",196 lbs,R,C
19,5219,Brayden Schenn,10,32,"6' 1""",199 lbs,L,C
19,3069277,Oskar Sundqvist,70,29,"6' 3""",220 lbs,R,C
19,4233637,Robert Thomas,18,24,"6' 0""",218 lbs,R,C
19,3149697,Sammy Blais,79,27,"6' 2""",205 lbs,L,LW
19,3042081,Pavel Buchnevich,89,28,"6' 1""",196 lbs,L,LW
19,4697409,Jake Neighbours,63,21,"6' 0""",201 lbs,L,LW
19,2563065,Brandon Saad,20,31,"6' 1""",215 lbs,L,LW
19,3114747,Jakub Vrana,15,27,"6' 0""",190 lbs,L,LW
19,3067860,Nathan Walker,26,29,"5' 9""",186 lbs,L,LW
19,5767,Kevin Hayes,12,31,"6' 5""",216 lbs,L,RW
19,3114775,Kasperi Kapanen,42,27,"6' 1""",194 lbs,R,RW
19,4392454,Alexey Toropchenko,13,24,"6' 6""",222 lbs,L,RW
19,5746,Justin Faulk,72,31,"6' 0""",214 lbs,R,D
19,4697719,Matthew Kessel,51,23,"6' 2""",205 lbs,R,D
19,2952729,Torey Krug,47,32,"5' 9""",194 lbs,L,D
19,5447,Nick Leddy,4,32,"6' 0""",205 lbs,L,D
19,3069341,Colton Parayko,55,30,"6' 6""",228 lbs,R,D
19,4320665,Scott Perunovich,48,25,"5' 10""",175 lbs,R,D
19,5218,Marco Scandella,6,33,"6' 3""",212 lbs,L,D
19,4587904,Tyler Tucker,75,23,"6' 1""",204 lbs,L,D
19,2590874,Jordan Binnington,50,30,"6' 2""",172 lbs,L,G
19,4587909,Joel Hofer,30,23,"6' 5""",179 lbs,L,G
20,4270820,Alex Barre-Boulet,12,26,"5' 10""",178 lbs,L,C
20,3941973,Anthony Cirelli,71,26,"6' 1""",190 lbs,L,C
20,4270247,Michael Eyssimont,23,27,"6' 0""",201 lbs,L,C
20,2335062,Luke Glendening,11,34,"5' 10""",190 lbs,R,C
20,3042138,Tyler Motte,64,28,"5' 10""",194 lbs,L,C
20,3151187,Brayden Point,21,27,"5' 10""",178 lbs,R,C
20,5037,Steven Stamkos,91,33,"6' 1""",193 lbs,R,C
20,4065019,Brandon Hagel,38,25,"6' 2""",183 lbs,L,LW
20,4064780,Tanner Jeannot,84,26,"6' 2""",220 lbs,L,LW
20,3042111,Nicholas Paul,20,28,"6' 3""",229 lbs,L,LW
20,3149827,Conor Sheary,73,31,"5' 8""",179 lbs,L,LW
20,5556,Austin Watson,51,32,"6' 4""",238 lbs,R,LW
20,4419646,Mitchell Chaffee,41,26,"6' 0""",205 lbs,R,RW
20,2563060,Nikita Kucherov,86,30,"5' 11""",182 lbs,R,RW
20,3904178,Erik Cernak,81,26,"6' 3""",230 lbs,R,D
20,5266,Calvin de Haan,44,32,"6' 1""",192 lbs,L,D
20,3114735,Haydn Fleury,7,27,"6' 4""",207 lbs,L,D
20,5157,Victor Hedman,77,33,"6' 7""",246 lbs,L,D
20,5146599,Emil Martinsen Lilleberg,78,23,"6' 2""",202 lbs,L,D
20,4419638,Nick Perbix,48,25,"6' 3""",202 lbs,R,D
20,3149843,Darren Raddysh,43,27,"6' 1""",195 lbs,R,D
20,4024868,Mikhail Sergachev,98,25,"6' 3""",211 lbs,L,D
20,3115546,Jonas Johansson,31,28,"6' 5""",219 lbs,L,G
20,2976847,Andrei Vasilevskiy,88,29,"6' 4""",220 lbs,L,G
21,3042014,Max Domi,11,28,"5' 10""",208 lbs,L,C
21,4063460,Noah Gregor,18,25,"6' 0""",192 lbs,L,C
21,2555316,Calle Jarnkrok,19,32,"6' 0""",190 lbs,R,C
21,4267976,David Kampf,64,29,"6' 2""",190 lbs,L,C
21,4024123,Auston Matthews,34,26,"6' 3""",215 lbs,L,C
21,5048894,Bobby McMann,74,27,"6' 2""",210 lbs,L,C
21,5160,John Tavares,91,33,"6' 1""",211 lbs,L,C
21,3042056,Tyler Bertuzzi,59,28,"6' 2""",200 lbs,L,LW
21,4874919,Matthew Knies,23,21,"6' 3""",217 lbs,L,LW
21,4565275,Nicholas Robertson,89,22,"5' 9""",178 lbs,L,LW
21,5149211,Easton Cowan,53,18,"5' 11""",170 lbs,L,RW
21,4588205,Pontus Holmberg,29,24,"6' 0""",188 lbs,L,RW
21,3899937,Mitchell Marner,16,26,"6' 0""",180 lbs,R,RW
21,3114736,William Nylander,88,27,"6' 0""",202 lbs,R,RW
21,3683,Ryan Reaves,75,37,"6' 2""",226 lbs,R,RW
21,4419815,Alex Steeves,46,24,"5' 11""",187 lbs,L,RW
21,4392642,Simon Benoit,2,25,"6' 4""",205 lbs,L,D
21,5162,TJ Brodie,78,33,"6' 2""",187 lbs,L,D
21,5188432,Noah Chadwick,N/A,18,"6' 4""",187 lbs,--,D
21,3006,Mark Giordano,55,40,"6' 0""",202 lbs,L,D
21,2590751,John Klingberg,3,31,"6' 2""",185 lbs,R,D
21,4588751,Mikko Kokkonen,84,23,"6' 0""",200 lbs,--,D
21,3151168,William Lagesson,85,27,"6' 2""",211 lbs,L,D
21,4233618,Timothy Liljegren,37,24,"6' 1""",190 lbs,R,D
21,3020803,Jake McCabe,22,30,"6' 1""",211 lbs,L,D
21,4906,Jake Muzzin,8,34,"6' 3""",227 lbs,L,D
21,2976833,Morgan Rielly,44,29,"6' 1""",225 lbs,L,D
21,4233868,Conor Timmins,25,25,"6' 2""",206 lbs,R,D
21,5174160,Dennis Hildeby,41,22,"6' 7""",222 lbs,--,G
21,5096,Martin Jones,31,34,"6' 5""",203 lbs,R,G
21,3067862,Matt Murray,30,29,"6' 4""",178 lbs,L,G
21,3900505,Ilya Samsonov,35,26,"6' 3""",217 lbs,L,G
21,4271575,Joseph Woll,60,25,"6' 3""",202 lbs,L,G
22,4697579,Nils Aman,88,23,"6' 2""",179 lbs,L,C
22,3024916,Teddy Blueger,53,29,"6' 0""",185 lbs,L,C
22,4588638,Dakota Joshua,81,27,"6' 3""",206 lbs,L,C
22,4587713,Linus Karlsson,94,24,"6' 1""",178 lbs,--,C
22,3151322,Sam Lafferty,18,28,"6' 2""",205 lbs,R,C
22,3041994,Elias Lindholm,28,29,"6' 1""",202 lbs,R,C
22,2590852,J.T. Miller,9,30,"6' 1""",218 lbs,L,C
22,4233566,Elias Pettersson,40,25,"6' 2""",176 lbs,L,C
22,4271732,Pius Suter,24,27,"5' 11""",179 lbs,L,C
22,3069834,Phillip Di Giuseppe,34,30,"6' 0""",193 lbs,L,LW
22,4565263,Nils Hoglander,21,23,"5' 9""",185 lbs,L,LW
22,3899979,Brock Boeser,6,26,"6' 1""",208 lbs,R,RW
22,3939718,Conor Garland,8,27,"5' 10""",165 lbs,R,RW
22,4422415,Ilya Mikheyev,65,29,"6' 2""",192 lbs,L,RW
22,3942866,Guillaume Brisebois,55,26,"6' 2""",175 lbs,L,D
22,4991,Ian Cole,82,34,"6' 1""",225 lbs,L,D
22,3151325,Mark Friedman,51,28,"5' 11""",185 lbs,R,D
22,4063607,Filip Hronek,17,26,"6' 0""",190 lbs,R,D
22,4320548,Quinn Hughes,43,24,"5' 10""",180 lbs,L,D
22,5677,Matt Irwin,52,36,"6' 2""",200 lbs,L,D
22,3900504,Noah Juulsen,47,26,"6' 2""",201 lbs,R,D
22,5052,Tyler Myers,57,34,"6' 8""",229 lbs,R,D
22,3042173,Tucker Poolman,5,30,"6' 2""",199 lbs,R,D
22,3042198,Carson Soucy,7,29,"6' 5""",210 lbs,L,D
22,3042021,Nikita Zadorov,91,28,"6' 6""",248 lbs,L,D
22,3025540,Casey DeSmith,29,32,"6' 0""",181 lbs,L,G
22,3096217,Thatcher Demko,35,28,"6' 4""",192 lbs,L,G
37,3114985,Ivan Barbashev,49,28,"6' 0""",198 lbs,L,C
37,4697412,Brendan Brisson,19,22,"5' 11""",179 lbs,L,C
37,4331579,Paul Cotter,43,24,"6' 2""",213 lbs,L,C
37,5172809,Jakub Demek,13,20,"6' 4""",210 lbs,--,C
37,3648002,Jack Eichel,9,27,"6' 2""",203 lbs,R,C
37,5175,Byron Froese,51,32,"6' 1""",202 lbs,R,C
37,4024989,Brett Howden,21,25,"6' 2""",200 lbs,L,C
37,2563057,William Karlsson,71,31,"6' 0""",190 lbs,L,C
37,3943996,Nicolas Roy,10,26,"6' 4""",202 lbs,R,C
37,3067858,Chandler Stephenson,20,29,"6' 0""",209 lbs,L,C
37,3042054,William Carrier,28,29,"6' 2""",220 lbs,L,LW
37,4352755,Grigori Denisenko,54,23,"5' 11""",172 lbs,R,LW
37,4587588,Pavel Dorofeyev,16,23,"6' 1""",194 lbs,L,LW
37,3149829,Michael Amadio,22,27,"6' 1""",200 lbs,R,RW
37,3941546,Keegan Kolesar,55,26,"6' 2""",216 lbs,R,RW
37,2967072,Jonathan Marchessault,81,33,"5' 9""",185 lbs,R,RW
37,4320619,Sheldon Rempal,56,28,"5' 10""",165 lbs,R,RW
37,4425678,Jonas Rondbjerg,46,24,"6' 2""",203 lbs,L,RW
37,5545,Mark Stone,61,31,"6' 3""",212 lbs,R,RW
37,4565243,Tobias Bjornfot,7,22,"6' 0""",203 lbs,L,D
37,4697678,Lukas Cormier,40,21,"5' 10""",180 lbs,L,D
37,4233870,Nicolas Hague,14,25,"6' 6""",240 lbs,L,D
37,3571762,Ben Hutton,17,30,"6' 3""",201 lbs,L,D
37,4565264,Kaedan Korczak,6,23,"6' 3""",201 lbs,R,D
37,3927,Alec Martinez,23,36,"6' 1""",210 lbs,L,D
37,3149621,Dysin Mayo,65,27,"6' 2""",183 lbs,R,D
37,5202,Brayden McNabb,3,33,"6' 4""",215 lbs,L,D
37,4013,Alex Pietrangelo,7,34,"6' 3""",215 lbs,R,D
37,3042055,Shea Theodore,27,28,"6' 2""",197 lbs,L,D
37,4312877,Zach Whitecloud,2,27,"6' 2""",218 lbs,R,D
37,3939714,Adin Hill,33,27,"6' 4""",215 lbs,L,G
37,4587583,Isaiah Saville,31,23,"6' 1""",193 lbs,R,G
37,4272888,Logan Thompson,36,26,"6' 4""",205 lbs,R,G
23,3666,Nicklas Backstrom,19,36,"6' 1""",202 lbs,L,C
23,5647,Evgeny Kuznetsov,92,31,"6' 2""",207 lbs,L,C
23,4565246,Connor McMichael,24,23,"6' 0""",180 lbs,L,C
23,4064864,Matthew Phillips,45,25,"5' 8""",160 lbs,R,C
23,4587943,Aliaksei Protas,21,23,"6' 6""",225 lbs,L,C
23,3899933,Dylan Strome,17,26,"6' 3""",200 lbs,L,C
23,4063240,Beck Malenstyn,47,26,"6' 3""",200 lbs,L,LW
23,5080168,Ivan Miroshnichenko,63,20,"6' 1""",185 lbs,R,LW
23,3101,Alex Ovechkin,8,38,"6' 3""",238 lbs,R,LW
23,4005,Max Pacioretty,67,35,"6' 2""",217 lbs,L,LW
23,3115014,Nicolas Aube-Kubel,96,27,"6' 0""",207 lbs,R,RW
23,3025616,Nic Dowd,26,33,"6' 1""",193 lbs,R,RW
23,3042037,Anthony Mantha,39,29,"6' 5""",234 lbs,L,RW
23,5034,T.J. Oshie,77,37,"6' 0""",187 lbs,R,RW
23,2970615,Tom Wilson,43,29,"6' 4""",220 lbs,R,RW
23,4352805,Alexander Alexeyev,27,24,"6' 4""",213 lbs,L,D
23,3941966,Ethan Bear,25,26,"5' 11""",197 lbs,R,D
23,5118,John Carlson,74,34,"6' 3""",215 lbs,R,D
23,2563034,Joel Edmundson,6,30,"6' 5""",221 lbs,L,D
23,4378677,Martin Fehervary,42,24,"6' 2""",199 lbs,L,D
23,5173764,Hardy Haman Aktell,4,25,"6' 3""",198 lbs,--,D
23,3025608,Nick Jensen,3,33,"6' 1""",205 lbs,R,D
23,4352803,Rasmus Sandin,38,23,"5' 11""",182 lbs,L,D
23,3025524,Trevor van Riemsdyk,57,32,"6' 3""",191 lbs,R,D
23,2610321,Darcy Kuemper,35,33,"6' 5""",215 lbs,L,G
23,3095975,Charlie Lindgren,79,30,"6' 2""",179 lbs,R,G
23,5104602,Clay Stevenson,33,24,"6' 4""",195 lbs,--,G
28,3942043,Mason Appleton,22,28,"6' 2""",194 lbs,R,C
28,4316970,Morgan Barron,36,25,"6' 4""",220 lbs,R,C
28,4378695,David Gustafsson,19,23,"6' 2""",196 lbs,L,C
28,4352762,Rasmus Kupari,15,23,"6' 2""",201 lbs,R,C
28,2563066,Adam Lowry,17,30,"6' 5""",210 lbs,L,C
28,3041996,Sean Monahan,N/A,29,"6' 2""",202 lbs,L,C
28,2562622,Vladislav Namestnikov,7,31,"6' 0""",180 lbs,L,C
28,4697392,Cole Perfetti,91,22,"5' 11""",184 lbs,L,C
28,2562632,Mark Scheifele,55,30,"6' 3""",207 lbs,R,C
28,3942809,Dominic Toninato,21,29,"6' 2""",201 lbs,L,C
28,4233583,Gabriel Vilardi,13,24,"6' 3""",216 lbs,R,C
28,3899952,Kyle Connor,81,27,"6' 1""",183 lbs,L,LW
28,3114741,Nikolaj Ehlers,27,27,"6' 0""",172 lbs,L,LW
28,3652598,Alex Iafallo,9,30,"6' 0""",201 lbs,L,LW
28,4391251,Axel Jonsson-Fjallby,71,25,"6' 1""",189 lbs,L,LW
28,5511,Nino Niederreiter,62,31,"6' 2""",218 lbs,L,RW
28,2590861,Dylan DeMelo,2,30,"6' 1""",194 lbs,R,D
28,2554903,Brenden Dillon,5,33,"6' 4""",225 lbs,L,D
28,3042016,Josh Morrissey,44,28,"6' 0""",195 lbs,L,D
28,3988847,Neal Pionk,4,28,"6' 0""",190 lbs,R,D
28,4233878,Dylan Samberg,54,25,"6' 4""",216 lbs,L,D
28,3024798,Nate Schmidt,88,32,"6' 0""",192 lbs,L,D
28,4024968,Logan Stanley,64,25,"6' 7""",231 lbs,L,D
28,3026526,Laurent Brossoit,39,30,"6' 3""",203 lbs,L,G
28,3020225,Connor Hellebuyck,37,30,"6' 4""",207 lbs,L,G
